{
  "landmarks": [
    {"name": "Biển Nguyễn Tất Thành", "location": "Đường Nguyễn Tất Thành, Đà Nẵng"},
    {"name": "Biển Mỹ Khê", "location": "Đường Võ Nguyên Giáp, Đà Nẵng"},
    {"name": "Bãi biển Phạm Văn Đồng", "location": "Đường Phạm Văn Đồng, Đà Nẵng"},
    {"name": "Bãi biển Non Nước", "location": "Đường Trường Sa, Đà Nẵng"},
    {"name": "Cầu Rồng", "location": "Cầu Rồng, Đà Nẵng"},
    {"name": "Cầu Trần Thị Lý", "location": "Cầu Trần Thị Lý, Đà Nẵng"},
    {"name": "Cầu Sông Hàn", "location": "Cầu Sông Hàn, Đà Nẵng"},
    {"name": "Cầu Thuận Phước", "location": "Đường Lê Văn Duyệt, Đà Nẵng"},
    {"name": "Cầu Hòa Xuân", "location": "Cầu Hòa Xuân, Đà Nẵng"},
    {"name": "Bến du thuyền Marina", "location": "136 Bạch Đằng, Đà Nẵng"},
    {"name": "Chợ Hàn", "location": "119 Trần Phú, Đà Nẵng"},
    {"name": "Chợ Cồn", "location": "314 Ông Ích Khiêm, Đà Nẵng"},
    {"name": "Chợ Bắc Mỹ An", "location": "25 Nguyễn Bá Lân, Đà Nẵng"},
    {"name": "Sân bay Đà Nẵng", "location": "Sân bay Quốc tế Đà Nẵng"},
    {"name": "Bến xe trung tâm", "location": "201 Tôn Đức Thắng, Đà Nẵng"},
    {"name": "Trung tâm y tế Hải Châu", "location": "100 Hùng Vương, Đà Nẵng"},
    {"name": "Trung tâm hội chợ triển lãm", "location": "09 Cách Mạng Tháng 8, Đà Nẵng"},
    {"name": "Công viên Châu Á", "location": "1 Phan Đăng Lưu, Đà Nẵng"},
    {"name": "Công viên 29/3", "location": "01 2 Tháng 9, Đà Nẵng"},
    {"name": "Công viên 3/2", "location": "Đường Bạch Đằng, Đà Nẵng"},
    {"name": "Công viên Biển Đông", "location": "Đường Võ Nguyên Giáp, Đà Nẵng"},
    {"name": "Khu công nghiệp Hòa Khánh", "location": "Đường số 2, Khu Công nghiệp Hòa Khánh, Đà Nẵng"},
    {"name": "Khu dân cư Nam Việt Á", "location": "Đường Nguyễn Phước Lan, Đà Nẵng"},
    {"name": "Khu biệt thự Euro Village", "location": "Khu biệt thự Euro Village, đường An Dương Vương, Đà Nẵng"},
    {"name": "Khu du lịch Bà Nà Hills", "location": "Thôn An Sơn, xã Hòa Ninh, huyện Hòa Vang, Đà Nẵng"},
    {"name": "Bảo tàng Điêu khắc Chăm", "location": "02 2 Tháng 9, Đà Nẵng"},
    {"name": "Chùa Linh Ứng", "location": "Bán đảo Sơn Trà, Đà Nẵng"},
    {"name": "Chùa Tam Thai", "location": "Đường Huyền Trân Công Chúa, Đà Nẵng"},
    {"name": "Trường quốc tế Skyline", "location": "Lô B2.1 - B2.2, Khu Đô thị sinh thái Hòa Xuân, đường Nguyễn Phước Lan, Đà Nẵng"},
    {"name": "Đại học Đà Nẵng", "location": "41 Lê Duẩn, Đà Nẵng"},
    {"name": "Đại học Kiến trúc Đà Nẵng", "location": "566 Núi Thành, Đà Nẵng"},
    {"name": "Đại học Bách khoa Đà Nẵng", "location": "54 Nguyễn Lương Bằng, Đà Nẵng"},
    {"name": "Đại học Kinh tế Đà Nẵng", "location": "71 Ngũ Hành Sơn, Đà Nẵng"},
    {"name": "Lotte Mart", "location": "6 Phan Đăng Lưu, Đà Nẵng"},
    {"name": "Vincom Plaza", "location": "910 Ngô Quyền, Đà Nẵng"},
    {"name": "Trung tâm thương mại Vincom Đà Nẵng", "location": "21 Ngô Quyền, Đà Nẵng"},
    {"name": "Tòa nhà hành chính", "location": "24 Trần Phú, Đà Nẵng"},
    {"name": "Trung tâm hành chính Ngũ Hành Sơn", "location": "168 Lê Văn Hiến, Đà Nẵng"},
    {"name": "Ga Đà Nẵng", "location": "791 Hải Phòng, Đà Nẵng"},
    {"name": "Bệnh viện C", "location": "122 Hải Phòng, Đà Nẵng"}
  ]
//   {
//   "main_roads": [
//     "Nguyễn Văn Linh",
//     "Điện Biên Phủ",
//     "Nguyễn Tất Thành",
//     "Lê Duẩn",
//     "Nguyễn Hữu Thọ",
//     "Trần Phú",
//     "Hoàng Diệu",
//     "Trưng Nữ Vương",
//     "Lý Thái Tổ",
//     "Nguyễn Văn Thoại",
//     "Võ Nguyên Giáp",
//     "Hồ Nghinh",
//     "2 Tháng 9",
//     "Tôn Đức Thắng",
//     "Lê Văn Hiến",
//     "Ngô Quyền",
//     "Yên Bái",
//     "Nguyễn Tri Phương",
//     "Ông Ích Khiêm",
//     "Duy Tân",
//     "Nguyễn Phước Lan"
//   ]
}


